ID,time,devEUI,deviceName,in6,in18,in36,moist_open_6,moist_open_18,moist_open_36,moist_sub_6,moist_sub_18,moist_sub_36
bee72f1c-7553-11e9-8a9c-b827eb637591,1557733816,0004A30B00211CF2,0211CF2,TERA00310b,TERA00310c,TERA00310d,2.8361,2.8315,2.842,2.2089,2.1992,2.1054
72104aca-752b-11e9-b57e-b827eb637591,1557716507,0004A30B00212BA6,0212BA6,TERA00198a,TERA00198b,TERA00198c,2.8208,2.831,2.9232,2.3674,2.2524,2.2379
7bcecc34-65a5-11e9-9ab0-b827eb637591,1556009703,0004A30B00212BC9,0212BC9,TERA000111a,TERA000111b,TERA000111c,2.7878,2.8012,2.9024,2.347,2.2825,2.1844
9a2ee7f8-bf29-11e9-b0cb-b827eb637591,1565852101,0004A30B00212C29,0212C29,TER19260013d,TER19260073e,TER19260013e,2.3547,2.3157,2.4552,2.3964,2.3085,2.4026
573bf7d6-753e-11e9-a567-b827eb637591,1557724622,0004A30B00212C3F,0212C3F,TERA00226d,TERA00217d,TERA00217d,2.8068,2.8194,2.9309,2.0993,2.0614,2.2432
8d1ea39a-bf2f-11e9-b135-b827eb637591,1565854656,0004A30B00212D3D,0212D3D,TER19260122a,TER19260122b,TER19260122c,2.8466,2.8474,2.841,2.3265,2.0619,2.1787
8ef4cfe8-c7c0-11e9-8158-b827eb637591,1566796546,0004A30B00212DA2,0212DA2,TER19260092b,TER19260092c,TER19260053e,2.3077,2.4023,2.4495,2.3091,2.4018,2.4466
ed82018a-751c-11e9-ba60-b827eb637591,1557710272,0004A30B00212DD4,0212DD4,TERA00248b,TERA00248c,TERA00248d,2.7595,2.842,2.9459,2.2602,2.3762,2.1976
b34e7d9e-bf19-11e9-a305-b827eb637591,1565845271,0004A30B00212DEC,0212DEC,TER19260078b,TER19260117d,TER19260117e,2.8079,2.8248,2.899,2.2811,2.3598,2.3864
e80e5b68-7558-11e9-822f-b827eb637591,1557736032,0004A30B00212E0B,0212E0B,TERA000106c,TERA000106d,TERA000106e,2.8237,2.8159,2.889,2.0364,2.0507,2.2357
02932c8a-bf22-11e9-82d3-b827eb637591,1565848840,0004A30B00212F0E,0212F0E,TER19260029b,TER19260033d,TER19260029e,2.7668,2.7163,2.8105,2.1576,2.0448,2.0996
f73abd2e-bf46-11e9-a9a2-b827eb637591,1565864713,0004A30B00212F14,0212F14,TER19260010a,TER19260010b,TER19260010c,2.8226,2.8122,2.8555,2.3843,2.3123,2.2005
eab6a350-76d1-11e9-94c8-b827eb637591,1557897957,0004A30B0021421E,021421E,TERA000142a,TERA000142b,TERA000142c,2.8522,2.8498,2.9014,2.2962,2.2943,2.1127
bf585740-bf2d-11e9-98ca-b827eb637591,1565853882,0004A30B00214257,0214257,TER19260107a,TER19260030d,TER19260107e,2.8732,2.7926,2.7872,2.3429,2.2833,2.3563
1cf4b252-c264-11e9-b137-b827eb637591,1566207085,0004A30B002143E2,0214300,TER19260117a,TER19260117b,TER19260117c,2.3391,2.3665,2.4292,2.3405,2.3655,2.4302
2e2917f6-7544-11e9-bc4c-b827eb637591,1557727130,0004A30B00214380,0214380,TERA00002a,TERA00002b,TERA00002c,2.8184,2.8369,2.9223,2.1874,2.2145,2.1629
c5847e06-c260-11e9-99f1-b827eb637591,1566205650,0004A30B00214382,0214382,TER19260104d,TER19260104e,TER19260074a,2.4931,2.3859,2.2876,2.3311,2.2586,2.4211
baeb7cc6-bf20-11e9-94a0-b827eb637591,1565848291,0004A30B0021441C,021441C,TER19260074d,TER19260012d,TER19260074e,2.7577,2.7931,2.7694,2.1868,2.3314,2.3494
62428e02-c7c7-11e9-921b-b827eb637591,1566799477,0004A30B0021450A,021450A,TER19260092b,TER19260092c,TER19260053e,2.2492,2.3703,2.5204,2.2701,2.3644,2.3821
6c5184e4-753c-11e9-b602-b827eb637591,1557723799,0004A30B0021453C,021453C,TERA00321d,TERA00321e,TERA00320a,2.8382,2.81,2.9132,2.1178,1.9749,2.1605
1e7073d6-6a3b-11e9-b91a-b827eb637591,1556513776,0004A30B00214561,0214561,TERA00193a,TERA00193b,TERA00193c,2.8184,2.8071,2.8861,2.3008,2.3518,2.3104
5f5e3932-7567-11e9-80a0-b827eb637591,1557742245,0004A30B002145CE,02145CE,TERA00077a,TERA00077b,TERA00077d,2.7988,2.8122,2.8611,1.944,2.3719,2.2696
84eee694-754c-11e9-998e-b827eb637591,1557730712,0004A30B0021465A,021465A,TERA00178c,TERA00178d,TERA00178e,2.8208,2.8229,2.8654,2.1215,2.2279,2.1812
886a7d84-7555-11e9-ae9b-b827eb637591,1557734583,0004A30B0021466D,021466D,TERA00088a,TERA00088b,TERA00088c,2.8471,2.824,2.9358,2.1815,2.1691,1.9803
4030b964-6675-11e9-92c0-b827eb637591,1556098939,0004A30B00214677,0214677,TERA00092a,TERA00092b,TERA00092c,2.831,2.8552,2.8705,2.37,2.3897,2.2908
bcacc2b4-7550-11e9-87e6-b827eb637591,1557732523,0004A30B002146C4,02146C4,TERA00184a,TERA00184b,TERA00184c,2.2185,2.2311,2.0246,2.2185,2.2306,2.0238
4934b8d2-7550-11e9-ac80-b827eb637591,1557732330,0004A30B002147C2,02147C2,TERA00202a,TERA00202b,TERA00202c,2.8522,2.8447,2.933,2.0899,2.1473,2.2347
5d430b0a-7553-11e9-9d64-b827eb637591,1557733652,0004A30B002147C9,02147C9,TERA00224a,TERA00224b,TERA00224c,2.3568,2.268,2.1971,2.1898,1.9104,1.8814
9acfc14e-bf21-11e9-8f69-b827eb637591,1565848666,0004A30B002147E3,02147E3,TER19260076a,TER19260095d,TER19260076e,2.7598,2.788,2.82,2.1763,2.1653,2.1968
0a2d813c-c7ad-11e9-b007-b827eb637591,1566788163,0004A30B00214835,0214835,TER19260092b,TER19260092c,TER19260053e,2.7464,2.7977,2.817,2.4047,2.3991,2.4493
3a0d4892-bf4c-11e9-845c-b827eb637591,1565866972,0004A30B00214926,0214926,TER19260058a,TER19260058b,TER19260058c,2.8173,2.8028,2.8791,2.3373,2.2948,2.1755
d6415d28-756b-11e9-8b16-b827eb637591,1557744163,0004A30B00215E2D,0215E2D,TERA00240a,TERA00240b,TERA00240c,2.8487,2.846,2.8874,2.312,2.3636,2.0982
d9a14744-65a3-11e9-acbe-b827eb637591,1556009002,0004A30B00215EC5,0215EC5,TERA000146d,TERA000146e,TERA000140a,2.7217,2.8289,2.9159,2.1771,2.2712,2.1911
c7b53760-65a4-11e9-848f-b827eb637591,1556009401,0004A30B00215EFD,0215EFD,TERA00085a,TERA00085b,TERA000128e,2.8418,2.8089,2.6883,2.3515,2.3265,2.2089
7c9bfa40-6674-11e9-986d-b827eb637591,1556098610,0004A30B00216005,0216005,TERA000100a,TERA000100c,TERA000100d,2.8342,2.823,2.8592,2.3902,2.3469,2.3555
e365881c-7304-11e9-b852-b827eb637591,1557480044,0004A30B0021606B,021606B,TERA000132a,TERA000132b,TERA000132c,2.7134,2.8506,2.9333,2.3477,2.3998,2.3397
eae31758-7539-11e9-b42e-b827eb637591,1557722723,0004A30B00216178,0216178,TERA000126a,TERA000126c,TERA000126d,2.8347,2.8288,2.8769,2.1995,2.2714,2.0166
50ed8c34-c7c6-11e9-810a-b827eb637591,1566799019,0004A30B0021617B,021617B,TER19260092b,TER19260092c,TER19260053e,2.4162,2.4224,2.2938,2.4235,2.3931,2.4407
5d6ca2c6-c7c9-11e9-a78c-b827eb637591,1566800328,0004A30B002162EC,02162EC,TER19260092b,TER19260092c,TER19260053e,2.2414,2.3725,2.7859,2.2706,2.3687,2.3878
f3fcec58-65a6-11e9-9f77-b827eb637591,1556010334,0004A30B00216358,0216358,TERA00061b,TERA00061c,TERA00061d,2.8388,2.8525,2.8909,2.3488,2.3558,2.2475
6aeac6c4-6632-11e9-8bec-b827eb637591,1556070234,0004A30B00216387,0216387,TERA000101a,TERA000101b,TERA000101c,2.8385,2.8347,2.8665,2.4248,2.4423,2.3518
a93299d2-c002-11e9-b4f4-b827eb637591,1565945327,0004A30B002163AA,02163AA,TER19260064c,TER19260064d,TER19260064e,2.8267,2.8181,2.8664,2.1009,2.2358,2.1645
f8d7bdc4-7547-11e9-b377-b827eb637591,1557728759,0004A30B0021644A,021644A,TERA00181c,TERA00181d,TERA00315a,2.8466,2.8326,2.9309,2.1747,2.2553,2.2999
e47d2adc-76d5-11e9-9b35-b827eb637591,1557899665,0004A30B0021648C,021648C,TERA00228d,TERA00229d,TERA00229e,2.8694,2.8138,2.8772,2.1315,2.1944,2.1801
4220f74e-65a2-11e9-8246-b827eb637591,1556008318,0004A30B002164B9,02164B9,TERA00076d,TERA00076e,TERA00071a,2.8356,2.8417,2.9355,2.3571,2.2591,2.3757
a06866e2-65a3-11e9-bd7e-b827eb637591,1556008906,0004A30B0021651D,021651D,TERA00047c,TERA00047d,TERA00047e,2.8452,2.8396,2.9137,2.3161,2.2792,2.3735
cd80cb98-75fb-11e9-8b32-b827eb637591,1557805996,0004A30B00216592,0216592,TERA00208d,TERA00209d,TERA00209e,2.8396,2.795,2.8396,2.3354,2.2341,2.1073
75f7b09a-bf47-11e9-9f87-b827eb637591,1565864925,0004A30B0021665D,021665D,TER19260006a,TER19260006b,TER19260006c,2.8294,2.0842,2.4528,2.2937,2.3547,2.1073
5f580a7a-bf4b-11e9-82ce-b827eb637591,1565866605,0004A30B00217C4B,0217C4B,TER19260032b,TER19260063d,TER19260063d,2.8463,2.8347,2.8785,2.3032,2.3697,2.2516
9b2dcf1a-6a39-11e9-a685-b827eb637591,1556513126,0004A30B00217C51,0217C51,TERA00245c,TERA00245d,TERA00245e,2.8111,2.8117,2.8616,2.2137,2.3507,2.3996
4e01758c-6a40-11e9-8f14-b827eb637591,1556516003,0004A30B00217C69,0217C69,TERA00244b,TERA00244c,TERA00244d,2.8444,2.8237,2.9126,2.2792,2.3136,2.2
d969449e-76dc-11e9-ab5a-b827eb637591,1557902652,0004A30B00217D76,0217D76,TERA00097c,TERA000150a,TERA00097e,2.8227,2.8173,2.8764,2.1165,2.2309,2.0917
dab93bce-753d-11e9-949a-b827eb637591,1557724413,0004A30B00217D8E,0217D8E,TERA00023b,TERA00023c,TERA00023d,2.8374,2.8342,2.9506,2.236,2.3045,2.1702
72cc2e44-7539-11e9-a8be-b827eb637591,1557722521,0004A30B00217ECF,0217ECF,TERA00199d,TERA00196d,TERA00196e,2.8173,2.8265,2.9108,2.2774,2.2274,2.1347
c51feea8-bf24-11e9-b478-b827eb637591,1565850026,0004A30B00217F9D,0217F9D,TER19260087b,TER19260087c,TER19260087d,2.7853,2.7719,2.7746,2.3472,2.3703,2.1739
43813992-bf33-11e9-974c-b827eb637591,1565856251,0004A30B00218038,0218038,TER19260061a,TER19260061d,TER19260061e,2.8514,2.8226,2.8675,2.3668,2.3421,2.2406
0d4570d6-756a-11e9-8f46-b827eb637591,1557743396,0004A30B00218067,0218067,TERA000150c,TERA000150d,TERA000150e,2.8299,2.8519,2.885,2.2586,2.1919,2.2583
cb1086b2-7521-11e9-a52d-b827eb637591,1557712361,0004A30B002180A1,02180A1,TERA00236a,TERA00236b,TERA00236c,2.8482,2.8353,2.8694,2.3061,2.2814,2.1409
536b0cb6-bfe2-11e9-865a-b827eb637591,1565931439,0004A30B002180A6,02180A6,TER19260060a,TER19260060b,TER19260060c,2.2814,2.2967,2.1541,2.2809,2.2988,2.1522
f24ed78a-7524-11e9-981e-b827eb637591,1557713716,0004A30B00218131,0218131,TERA00235a,TERA00235b,TERA00235c,2.8269,2.8245,2.9307,2.1992,2.2118,2.1433
cf924452-bf2a-11e9-bc4d-b827eb637591,1565852620,0004A30B0021819F,021819F,TER19260062a,TER19260057d,TER19260057e,2.7834,2.8041,2.9,2.233,2.312,2.3905
cae9719a-755c-11e9-88e6-b827eb637591,1557737701,0004A30B002181FA,02181FA,TERA00188d,TERA00188c,TERA00188e,2.8603,2.8331,2.9266,2.2253,2.1097,2.1366
be267ee0-76d2-11e9-bbb7-b827eb637591,1557898312,0004A30B002181FE,02181FE,TERA00235e,TERA00236d,TERA00236e,2.8329,2.7657,2.8001,2.2199,2.2274,2.0925
9bab391e-7524-11e9-84af-b827eb637591,1557713570,0004A30B00218255,0218255,TERA00228a,TERA00228b,TERA00228c,2.827,2.8181,2.893,2.1078,2.2293,2.1637
b36154d0-65a2-11e9-a917-b827eb637591,1556008508,0004A30B00218280,0218280,TERA000121e,TERA000137a,TERA000137b,2.8568,2.8049,2.8608,2.3434,2.2972,2.196
eaba3114-bf4c-11e9-98fb-b827eb637591,1565867269,0004A30B00218307,0218307,TER19260041a,TER19260041b,TER19260041c,2.8154,2.8377,2.8589,2.424,2.0499,2.0555
a783c6c6-c005-11e9-9a30-b827eb637591,1565946613,0004A30B00218438,0218438,TER19260065a,TER19260025c,TER19260025d,2.1777,2.2543,2.3929,2.1777,2.2556,2.3921
e88b805a-bf29-11e9-b022-b827eb637591,1565852233,0004A30B00218488,0218488,TER19260099a,TER19260099b,TER19260099c,2.8157,2.8256,2.8315,2.3357,2.3846,2.2298
4778a24c-bf1a-11e9-9b10-b827eb637591,1565845520,0004A30B00218499,0218499,TER19260099d,TER19260099e,TER19260079b,2.8423,2.8323,2.8186,2.4026,2.3623,2.3773
fa1ee4ea-751b-11e9-b914-b827eb637591,1557709863,0004A30B0021853D,021853D,TERA00173d,TERA00173e,TERA00099a,2.7679,2.8074,2.8976,2.1831,2.2741,2.2
acc6b502-7560-11e9-986d-b827eb637591,1557739369,0004A30B00218561,0218561,TERA00083b,TERA00079d,TERA00079e,2.8345,2.8407,2.889,2.0088,2.1407,1.9574
1ea9f462-7549-11e9-b673-b827eb637591,1557729252,0004A30B00219B3A,0219B3A,TERA00009a,TERA00009b,TERA00009d,2.816,2.8466,2.9116,1.983,2.1965,2.0343
de4a0e14-7559-11e9-baf2-b827eb637591,1557736445,0004A30B00219BA8,0219BA8,TERA00204a,TERA00204b,TERA00204c,2.7923,2.8294,2.9121,2.1947,2.1758,2.0595
d4f40180-7545-11e9-8cc5-b827eb637591,1557727840,0004A30B00219CE0,0219CE0,TERA00237a,TERA00237b,TERA00237c,2.8245,2.8229,2.9153,2.2701,2.1441,2.2029
0bdb4a0c-65a4-11e9-9acc-b827eb637591,1556009086,0004A30B00219E99,0219E99,TERA00061e,TERA00056a,TERA00056b,2.8125,2.8237,2.9349,2.1893,2.2,2.1661
d428fda8-6674-11e9-9641-b827eb637591,1556098757,0004A30B00219EB1,0219EB1,TERA000100b,TERA00092e,TERA00092d,2.7875,2.8179,2.9041,2.4197,2.4068,2.2511
3ae0fa0e-65a4-11e9-b893-b827eb637591,1556009165,0004A30B00219ED1,0219ED1,TERA000151c,TERA000151d,TERA000151e,2.8453,2.8517,2.9091,2.3032,2.225,2.182
d05e6a30-bf45-11e9-93ee-b827eb637591,1565864218,0004A30B00219ED8,0219ED8,TER19260113d,TER19260023e,TER19260113e,2.7606,2.7904,2.8678,2.25,2.2591,2.413
0b88c508-76d3-11e9-986c-b827eb637591,1557898442,0004A30B00219F69,0219F69,TERA000145e,TERA000106a,TERA000106b,2.8162,2.8079,2.9269,2.1315,2.1328,2.2543
24d15a5a-65a5-11e9-a228-b827eb637591,1556009557,0004A30B00219F8C,0219F8C,TERA00053e,TERA00049a,TERA00049b,2.8525,2.8401,2.9159,2.1863,2.1855,2.3357
a55f536e-756a-11e9-8a45-b827eb637591,1557743651,0004A30B00219F8E,0219F8E,TERA00316e,TERA00316d,TERA00314a,2.8517,2.8539,2.8954,2.2051,2.2741,2.1239
5e2fb466-bf4d-11e9-ab96-b827eb637591,1565867463,0004A30B00219FA1,0219FA1,TER19260005d,TER19260005e,TER19260028b,2.8334,2.8168,2.8426,2.3182,2.3056,2.2172
366db5c6-751b-11e9-99a1-b827eb637591,1557709535,0004A30B0021A035,021A035,TERA00169e,TERA00160a,TERA00160b,2.8205,2.8436,2.8925,2.2118,2.3279,2.3534
50016a16-bf24-11e9-8cec-b827eb637591,1565849829,0004A30B0021A07F,021A07F,TER19260095a,TER19260095b,TER19260095c,2.7894,2.8001,2.4571,2.2115,2.1952,2.2537
13f955f8-76d4-11e9-9854-b827eb637591,1557898885,0004A30B0021A14F,021A14F,TERA00321a,TERA00321b,TERA00321c,2.7991,2.8071,2.9282,2.1925,2.1949,2.0907
fa50c20a-76db-11e9-8d5a-b827eb637591,1557902278,0004A30B0021A167,021A167,TERA00218d,TERA00219d,TERA00219e,2.8458,2.8364,2.8869,2.2201,2.2532,2.0708
d4722534-6a46-11e9-9ea3-b827eb637591,1556518806,0004A30B0021A2E0,021A2E0,TERA00250d,TERA00250e,TERA00239a,2.8033,2.8146,2.8801,2.3158,2.3483,2.1385
dc59756e-76cf-11e9-8108-b827eb637591,1557897074,0004A30B0021A375,021A375,TERA00207d,TERA00207e,TERA00205a,2.8047,2.8227,2.8686,2.2513,2.2443,2.095
0417036e-6a3c-11e9-96ac-b827eb637591,1556514161,0004A30B0021B898,021B898,TERA00195e,TERA00245a,TERA00245b,2.8117,2.8159,2.9108,2.3415,2.2392,2.4026
bd8faba0-c23b-11e9-91a8-b827eb637591,1566189745,0004A30B0021B93B,021B93B,TER19260104a,TER19260104b,TER19260104c,2.0746,2.1686,2.1242,2.0754,2.1715,2.1213
5a0e637e-65a6-11e9-89ca-b827eb637591,1556010076,0004A30B0021B945,021B945,TERA000119d,TERA000119e,TERA000128a,2.853,2.8283,2.9124,2.3075,2.3305,2.1302
bdab02bc-76da-11e9-b528-b827eb637591,1557901747,0004A30B0021B96A,021B96A,TERA00216a,TERA00216b,TERA00216c,2.7252,2.7469,2.9059,2.2408,2.2524,2.1734
14567564-bffc-11e9-993e-b827eb637591,1565942501,0004A30B0021B9A5,021B9A5,TER19260045b,TER19260045c,TER19260045d,2.2435,2.2344,2.0289,2.2424,2.2354,2.0305
2095fd3a-659e-11e9-b68c-b827eb637591,1556006544,0004A30B0021BA5E,021BA5E,TERA00049c,TERA00049d,TERA00049e,2.7372,2.8092,2.9046,2.4063,2.4095,2.229
ab31b78a-6707-11e9-85f7-b827eb637591,1556161825,0004A30B0021BA96,021BA96,TERA000140b,TERA000140c,TERA000140d,2.806,2.8264,2.8869,2.2467,2.2822,2.4224
a6be8d8a-bf46-11e9-804f-b827eb637591,1565864578,0004A30B0021BABE,021BABE,TER19260026d,TER19260011e,TER19260026e,2.8189,2.8382,2.5489,2.1466,2.3582,2.254
d34f20ee-65a5-11e9-8786-b827eb637591,1556009850,0004A30B0021BBF2,021BBF2,TERA000121b,TERA000121c,TERA000121d,2.8519,2.8334,2.9046,2.3716,2.3467,2.2145
ab73da74-7522-11e9-bd8c-b827eb637591,1557712738,0004A30B0021BC6D,021BC6D,TERA00315b,TERA00322a,TERA00322b,2.8253,2.8321,2.9009,2.2911,2.2714,2.1694
724ff12c-bf34-11e9-9c45-b827eb637591,1565856759,0004A30B0021BC86,021BC86,TER19260072d,TER19260075d,TER19260072e,2.7797,2.8248,2.8887,2.0735,2.1554,2.2142
91b4d802-bf25-11e9-bf8f-b827eb637591,1565850369,0004A30B0021BDE3,021BDE3,TER19260075a,TER19260075b,TER19260075c,2.7525,2.7686,2.8321,2.2986,2.327,2.3238
38c24686-bf15-11e9-94f4-b827eb637591,1565843348,0004A30B0021BE58,021BE58,TER19260049a,TER19260049b,TER19260049c,2.841,2.8245,2.8519,2.3966,2.4324,2.3343
b9c183cc-bfc5-11e9-88c6-b827eb637591,1565919156,0004A30B0021BEF7,021BEF7,TER19260026a,TER19260026b,TER19260026c,2.8291,0,2.8506,2.2556,0,2.243
111330e2-76da-11e9-8b88-b827eb637591,1557901457,0004A30B0021D19F,021D19F,TERA00072a,TERA00072b,TERA00072c,2.8014,2.8434,2.9054,2.2143,2.2634,2.2274
ea692f36-753b-11e9-a6f4-b827eb637591,1557723581,0004A30B0021D1C1,021D1C1,TERA00197a,TERA00197b,TERA00197c,2.6875,2.8259,2.9266,2.2218,2.2914,2.013
432d15b8-7525-11e9-877d-b827eb637591,1557713851,0004A30B0021D1E5,021D1E5,TERA00317c,TERA00317d,TERA00317e,2.8275,2.8068,2.9092,2.2379,2.1831,2.2766
50aa5e0c-753f-11e9-8d5c-b827eb637591,1557725041,0004A30B0021D24C,021D24C,TERA00023e,TERA00010a,TERA00010b,2.8576,2.8442,2.935,2.1511,2.1337,2.3294
f2f04306-754f-11e9-b4ae-b827eb637591,1557732185,0004A30B0021D2CA,021D2CA,TERA00201c,TERA00201d,TERA00201e,2.831,2.8374,2.8501,2.3136,2.0732,2.2062
fb5035c2-7538-11e9-9a2f-b827eb637591,1557722321,0004A30B0021D338,021D338,TERA00194d,TERA00191d,TERA00191e,2.8608,2.842,2.9175,2.2833,2.2234,2.1229
37ad9e0e-7522-11e9-a401-b827eb637591,1557712543,0004A30B0021D34A,021D34A,TERA00223e,TERA00222d,TERA00222e,2.835,2.7945,2.8866,2.3185,2.25,2.1584
4015cbb4-c240-11e9-a150-b827eb637591,1566191682,0004A30B0021D50C,021D50C,TER19260027e,TER19260027b,TER19260027c,2.2567,2.1656,2.0549,2.2561,2.1659,2.0569
40313118-bf45-11e9-bfb2-b827eb637591,1565863976,0004A30B0021E223,021E223,TER19260010d,TER19260022e,TER19260010e,2.8552,2.8224,2.7869,2.3607,2.2045,2.2519
67549364-7546-11e9-9935-b827eb637591,1557728085,0004A30B0021E227,021E227,TERA00194e,TERA00156d,TERA00156e,2.8218,2.4445,2.9046,2.2793,2.1938,2.2875
e3dc188a-7555-11e9-967a-b827eb637591,1557734737,0004A30B0023728B,023728B,TERA00179b,TERA00179c,TERA00179d,2.8178,2.8066,2.8788,2.1342,2.1256,2.197
86d68fd4-755b-11e9-80de-b827eb637591,1557737158,0004A30B002372F8,02372F8,TERA00009e,TERA00088d,TERA00088e,2.8025,2.8436,2.8995,1.9821,2.11,2.0523
0a0de518-754e-11e9-9250-b827eb637591,1557731365,0004A30B00237315,0237315,TERA00312d,TERA00312d,TERA00310a,2.8525,2.8253,2.9084,2.1213,2.2706,2.0311
46a59b8c-65a0-11e9-bf37-b827eb637591,1556007467,0004A30B00237346,0237346,TERA00096a,TERA00096b,TERA00096c,2.8265,2.8517,2.9158,2.3963,2.3631,2.38
b1ad319a-7538-11e9-b547-b827eb637591,1557722197,0004A30B0023736C,023736C,TERA00249a,TERA00249b,TERA00249c,2.8168,2.8383,2.9183,2.0944,2.121,2.2706
9340f9f4-76db-11e9-9f96-b827eb637591,1557902105,0004A30B002373B4,02373B4,TERA00223d,TERA00220d,TERA00220e,2.7945,2.3792,2.9121,2.0168,2.1441,1.9821
c0f57c36-bf28-11e9-afe4-b827eb637591,1565851737,0004A30B002373C4,02373C4,TER19260080a,TER19260119a,TER19260119c,2.791,2.8149,2.8713,2.2798,2.2322,2.3652
e9fe3ed2-76d6-11e9-abe3-b827eb637591,1557900103,0004A30B002373D5,02373D5,TERA00218a,TERA00218b,TERA00218c,2.8307,2.8345,2.8845,2.1787,2.1481,2.185
e6eb4566-7549-11e9-b908-b827eb637591,1557729588,0004A30B002373DF,02373DF,TERA00002d,TERA00002e,TERA00001a,2.8165,2.8299,2.9186,2.2419,2.1895,2.1632
fcea3856-65a2-11e9-a469-b827eb637591,1556008631,0004A30B00237EFA,0237EFA,TERA00065c,TERA00065d,TERA00065e,2.8087,2.8307,2.9462,2.3437,2.3625,2.2113
b71f84c4-7557-11e9-b6b4-b827eb637591,1557735521,0004A30B00237F26,0237F26,TERA00093a,TERA00093b,TERA00093c,2.8242,2.8337,2.9008,2.2335,2.2247,2.0762
2d4814f4-752b-11e9-91ae-b827eb637591,1557716392,0004A30B00237F91,0237F91,TERA000126e,TERA00173b,TERA00173c,2.8323,2.6218,2.658,2.1524,2.0722,2.2521
32009680-bf2a-11e9-9705-b827eb637591,1565852356,0004A30B00237FAD,0237FAD,TER19260102b,TER19260102c,TER19260102d,2.8487,2.8385,2.849,2.3912,2.3241,2.2548
4eb74fe8-c7c8-11e9-84c8-b827eb637591,1566799874,0004A30B002380EE,02380EE,TER19260092b,TER19260092c,TER19260053e,2.3958,2.3053,2.8216,2.2777,2.3789,2.41
9c7bd9c2-754f-11e9-b1f5-b827eb637591,1557732040,0004A30B0023812D,023812D,TERA00171e,TERA00181a,TERA00181b,2.8149,2.828,2.9199,2.1793,2.2035,2.0595
614e0cd0-76d5-11e9-ba4a-b827eb637591,1557899444,0004A30B002381FA,02381FA,TERA00229a,TERA00229b,TERA00229c,2.8133,2.8197,2.8877,2.2645,2.2164,2.304
22ded8d8-7551-11e9-85f3-b827eb637591,1557732695,0004A30B002383EC,02383EC,TERA00220a,TERA00220b,TERA00220c,2.8245,2.8251,2.9175,2.0762,2.1223,2.2516
c6188372-76d8-11e9-8019-b827eb637591,1557900902,0004A30B00238573,0238573,TERA00231c,TERA00231d,TERA00231e,2.8345,2.8117,2.9094,2.2408,2.2314,2.2166
7757b778-7523-11e9-b092-b827eb637591,1557713080,0004A30B00238593,0238593,TERA00156a,TERA00156b,TERA00156c,2.8372,2.8406,2.9352,2.25,2.2113,2.3826
9ec2793a-7562-11e9-a855-b827eb637591,1557740204,0004A30B002385B3,02385B3,TERA00047b,TERA00047b,TERA00080d,2.8326,2.8318,2.87,2.0595,1.9894,2.2548
1e5a533e-7540-11e9-aa09-b827eb637591,1557725386,0004A30B002385BD,02385BD,TERA00226e,TERA00224d,TERA00224e,2.8073,2.817,2.9177,1.9642,2.0939,2.1253
1d44a8da-bf20-11e9-8587-b827eb637591,1565848026,0004A30B002385D7,02385D7,TER19260017c,TER19260017d,TER19260017e,2.7633,2.8146,2.8614,2.2911,2.413,2.3754
80cf0a2a-6a3a-11e9-83ed-b827eb637591,1556513511,0004A30B0023860B,023860B,TERA00193d,TERA00193e,TERA00195a,2.835,2.8358,2.8495,2.3776,2.3899,2.2161
09fc1b0c-bf4b-11e9-a1de-b827eb637591,1565866462,0004A30B00238629,0238629,TER19260002c,TER19260002d,TER19260002e,2.8307,2.8068,2.8444,2.2196,2.2526,2.1656
6f55fca2-76d0-11e9-82c2-b827eb637591,1557897320,0004A30B002395E2,0239500,TERA00080a,TERA00080b,TERA00080c,2.8141,2.8216,2.8761,2.2497,2.1081,2.3381
b906f5a8-65a6-11e9-8be6-b827eb637591,1556010235,0004A30B0023958E,023958E,TERA000124d,TERA000124e,TERA00047a,2.8527,2.8347,2.893,2.2927,2.337,2.254
b393c786-bfe7-11e9-842d-b827eb637591,1565933748,0004A30B0023959F,023959F,TER19260053a,TER19260006d,TER19260006e,2.304,2.2693,2.1586,2.3032,2.2693,2.1576
4f76db62-c249-11e9-a4a2-b827eb637591,1566195573,0004A30B002395AF,02395AF,TER19260092b,TER19260092c,TER19260053e,1.9966,2.3354,1.9792,1.9937,2.3394,1.9789
09491a58-76de-11e9-b42a-b827eb637591,1557903162,0004A30B002395DB,02395DB,TERA00196a,TERA00196b,TERA00196c,2.8181,2.841,2.9137,2.2658,2.2303,2.0359
ef57ba26-752c-11e9-b5de-b827eb637591,1557717147,0004A30B00239603,0239603,TERA00248e,TERA00317a,TERA00317b,2.8525,2.875,2.885,2.2884,2.2564,2.2782
5f075f6a-753d-11e9-a261-b827eb637591,1557724206,0004A30B0023963D,023963D,TERA00026a,TERA00026b,TERA00026c,2.8213,2.8224,2.8893,2.0762,2.1979,2.2916
bd801636-65a7-11e9-b555-b827eb637591,1556010672,0004A30B0023964B,023964B,TERA00059d,TERA00059e,TERA00061a,2.8184,2.8181,2.9301,2.2567,2.2397,2.1874
c4576554-c24f-11e9-9059-b827eb637591,1566198346,0004A30B00239660,0239660,TER19260114a,TER19260114b,TER19260114c,1.9881,2.0133,2.2118,1.9872,2.0147,2.2105
98ffe37e-7518-11e9-a623-b827eb637591,1557708412,0004A30B00239824,0239824,TERA00199e,TERA00197d,TERA00197e,2.8468,2.8267,2.9148,2.3883,2.3367,2.3362
c91ff084-6a38-11e9-870a-b827eb637591,1556512774,0004A30B00239829,0239829,TERA00244e,TERA00242a,TERA00242b,2.788,2.8141,2.8834,2.3577,2.2274,2.4149
0ddfdc8e-7560-11e9-a222-b827eb637591,1557739102,0004A30B00239843,0239843,TERA00234c,TERA00234d,TERA00234e,2.857,2.8374,2.9258,2.1438,2.1149,2.1721
85bce748-bf33-11e9-8875-b827eb637591,1565856362,0004A30B002399CB,02399CB,TER19260005a,TER19260005b,TER19260005c,2.5014,2.7928,2.8906,2.2341,2.1046,2.3101
dbfa0056-bf4b-11e9-a39d-b827eb637591,1565866815,0004A30B00239A30,0239A30,TER19260074b,TER19260074c,TER19260027a,2.8173,2.7934,2.8202,2.3864,2.417,2.4334
4738e654-6676-11e9-9d6c-b827eb637591,1556099380,0004A30B00239A68,0239A68,TERA000124a,TERA000124b,TERA000124c,2.8422,2.85,2.9105,2.3982,2.3612,2.2097
1549cb76-7563-11e9-859c-b827eb637591,1557740403,0004A30B00239AF9,0239AF9,TERA00037e,TERA00087d,TERA00087e,2.7942,2.8022,2.9132,2.0765,2.1944,2.4404
05d60ed0-bf2c-11e9-ac28-b827eb637591,1565853141,0004A30B00239B04,0239B04,TER19260042a,TER19260042b,TER19260062e,2.7703,2.7936,2.8653,2.1949,2.3045,2.3002
e2ac24fe-7551-11e9-8ded-b827eb637591,1557733017,0004A30B00239B81,0239B81,TERA00217a,TERA00217b,TERA00217c,2.8259,2.8334,2.9003,2.275,2.1643,2.2698
8966a438-65a6-11e9-b4d4-b827eb637591,1556010156,0004A30B00239DCD,0239DCD,TERA000119a,TERA000119b,TERA000119c,2.85,2.8428,2.9269,2.2809,2.2368,2.2868
6cffa306-65a3-11e9-af36-b827eb637591,1556008819,0004A30B00239E2F,0239E2F,TERA00076a,TERA00076b,TERA00076c,2.7931,2.8538,2.9051,2.3773,2.4007,2.2774
4a9e8ab0-756c-11e9-b09e-b827eb637591,1557744358,0004A30B00239E7B,0239E7B,TERA00001c,TERA00001b,TERA00001d,2.8084,2.8071,2.9366,2.2024,2.3147,2.3929
b07b3b74-76d1-11e9-81c3-b827eb637591,1557897859,0004A30B00239F5F,0239F5F,TERA00072d,TERA00072e,TERA00023a,2.8297,2.6196,2.7775,2.1629,2.2854,1.9682
4f81f5cc-bf4e-11e9-8359-b827eb637591,1565867867,0004A30B00239F66,0239F66,TER19260028c,TER19260028d,TER19260028e,2.8017,2.8176,2.9135,2.2446,2.1879,2.3378
34c4c53c-755e-11e9-8999-b827eb637591,1557738308,0004A30B0023A01F,023A01F,TERA00183e,TERA00184d,TERA00184e,2.8538,2.85,2.9076,2.1887,2.1519,2.2121
7c245d48-751d-11e9-8f75-b827eb637591,1557710511,0004A30B0023B25E,023B25E,TERA00223a,TERA00223b,TERA00223c,2.8509,2.8358,2.9245,2.333,2.2223,2.3115
54336e02-777d-11e9-9c7e-b827eb637591,1557971578,0004A30B0023B33F,023B33F,TERA00078a,TERA00078b,TERA00078c,2.8184,2.6865,2.7405,2.0843,2.1103,2.0928
f30d98f2-bf32-11e9-885f-b827eb637591,1565856116,0004A30B0023B342,023B342,TER19260014c,TER19260014d,TER19260014e,2.7676,2.7862,2.8901,2.2588,2.3278,2.398
cc56c518-c7c4-11e9-a985-b827eb637591,1566798367,0004A30B0023B3CA,023B3CA,TER19260092b,TER19260092c,TER19260053e,2.3697,2.3655,2.7606,2.3585,2.3563,2.2634
772184ea-bf2a-11e9-9ff5-b827eb637591,1565852472,0004A30B0023B3F6,023B3F6,TER19260012a,TER19260012b,TER19260012c,2.8289,2.8149,2.8331,2.3303,2.2822,2.2287
5a6103de-bfe9-11e9-8c50-b827eb637591,1565934458,0004A30B0023B46F,023B46F,TER19260097a,TER19260097b,TER19260097c,2.0724,2.196,2.3496,2.067,2.2268,2.1086
44a970a6-bf14-11e9-bbfc-b827eb637591,1565842938,0004A30B0023B5D0,023B5D0,TER19260123a,TER19260123b,TER19260123c,2.8226,2.8063,2.8484,2.3996,2.3813,2.3993
aac547ba-c262-11e9-b016-b827eb637591,1566206464,0004A30B0023B5D4,023B5D4,TER19260002b,TER19260060d,TER19260060e,2.2575,2.3738,2.3496,2.2583,2.3765,2.3456
25e605b6-751e-11e9-8423-b827eb637591,1557710796,0004A30B0023B5FE,023B5FE,TERA00313c,TERA00313d,TERA00313e,2.8007,2.8248,2.8777,2.3391,2.3069,2.3056
18b2b348-bf25-11e9-8ac4-b827eb637591,1565850166,0004A30B0023B65B,023B65B,TER19260057a,TER19260057b,TER19260057c,2.8297,2.7872,2.5465,1.9985,2.0711,2.0619
4ea928dc-bffd-11e9-af61-b827eb637591,1565943028,0004A30B0023B697,023B697,TER19260053b,TER19260053c,TER19260053d,2.2527,2.268,2.1616,2.2572,2.2688,2.1602
94d87bc0-64a7-11e9-af8d-b827eb637591,1555900653,0004A30B0023B6C9,023B6C9,TERA00085c,TERA00085d,TERA00085e,2.8044,2.8498,2.8919,2.2045,2.3407,2.3713
a283e1fe-bf2b-11e9-81c4-b827eb637591,1565852974,0004A30B0023B71D,023B71D,TER19260121a,TER19260121c,TER19260121e,2.8052,2.8097,2.8173,2.2889,2.3252,2.2585
1cdd32b4-76db-11e9-a2c2-b827eb637591,1557901907,0004A30B0023B72C,023B72C,TERA00099b,TERA00099c,TERA00099d,2.7072,2.7316,2.835,2.2032,2.2234,2.0522
7477a372-7520-11e9-a730-b827eb637591,1557711786,0004A30B0023B73E,023B73E,TERA00240d,TERA00214d,TERA00214e,2.8296,2.8353,2.9118,2.3389,2.3083,2.2435
4b6c24d4-753a-11e9-99ab-b827eb637591,1557722885,0004A30B0023B7B6,023B7B6,TERA00209a,TERA00209b,TERA00209c,2.8527,2.8524,2.9207,2.3284,2.3112,2.1731
82e5754e-7569-11e9-890c-b827eb637591,1557743164,0004A30B0023B820,023B820,TERA00042e,TERA000134d,TERA000134e,2.1087,2.19,2.2287,2.1033,2.1914,2.2247
ff3506a0-753c-11e9-b7f6-b827eb637591,1557724045,0004A30B0023B87C,023B87C,TERA00170b,TERA00170a,TERA00170c,2.7976,2.8181,2.9167,2.1495,2.2456,2.0641
3c1b727e-65a3-11e9-81cb-b827eb637591,1556008737,0004A30B0023B87D,023B87D,TERA00053b,TERA00053c,TERA00053d,2.8527,2.8415,2.932,2.1965,2.2185,2.3448
1f313ac8-c7bd-11e9-bdd7-b827eb637591,1566795070,0004A30B0023B8A8,023B8A8,TER19260092b,TER19260092c,TER19260053e,2.7249,2.7697,2.7976,2.2811,2.3644,2.3568
3e60baa2-7558-11e9-9a3d-b827eb637591,1557735748,0004A30B0023B903,023B903,TERA00216e,TERA00210d,TERA00210e,2.8326,2.8234,2.8853,2.1745,2.2051,2.2513
7563ba94-bf2d-11e9-8b5e-b827eb637591,1565853758,0004A30B0023BAD4,023BAD4,TER19260097d,TER19260049d,TER19260049e,2.8106,2.8052,2.8025,2.3265,2.4144,2.1984
fe0f17b8-6707-11e9-8e9e-b827eb637591,1556161964,0004A30B0023BAEA,023BAEA,TERA00071e,TERA00065a,TERA00065b,2.8334,2.8503,2.9116,2.3845,2.2827,2.3394
52df5a2a-7304-11e9-9eb4-b827eb637591,1557479802,0004A30B0023BBE4,023BBE4,TERA00010c,TERA00010d,TERA00010e,2.8635,2.8431,2.9105,2.2591,2.3625,2.4297
0ee4d69a-6a46-11e9-8b64-b827eb637591,1556518474,0004A30B0023BBE7,023BBE7,TERA00251d,TERA00251e,TERA00244a,2.8229,2.792,2.9027,2.3292,2.1909,2.2344
953331b2-6634-11e9-890e-b827eb637591,1556071164,0004A30B0023BCD4,023BCD4,TERA000101e,TERA000101d,TERA000100e,2.8355,2.8251,2.8637,2.4251,2.431,2.2859
63226b9c-7521-11e9-9763-b827eb637591,1557712187,0004A30B0023BD57,023BD57,TERA00001e,TERA00178a,TERA00178b,2.8028,2.8396,2.8898,2.272,2.2836,2.2285
8d239f9e-65a7-11e9-90a6-b827eb637591,1556010591,0004A30B0023CFD9,023CFD9,TERA000111d,TERA000111e,TERA00053a,2.8412,2.8122,2.9325,2.1533,2.21,2.3168
5ea4b6f0-7559-11e9-8def-b827eb637591,1557736231,0004A30B0023D01F,023D01F,TERA00234a,TERA00187d,TERA00187e,2.8216,2.8141,2.8788,1.9859,2.1447,2.2347
821f053c-bf31-11e9-b698-b827eb637591,1565855497,0004A30B0023D023,023D023,TER19260019b,TER19260058d,TER19260058e,2.7853,2.8041,2.8847,2.1592,2.258,2.3673
f631cf2c-752b-11e9-a14e-b827eb637591,1557716729,0004A30B0023D037,023D037,TERA00194a,TERA00194b,TERA00194c,2.834,2.8288,2.7413,2.1366,2.2328,2.3214
ecf9ab36-7568-11e9-9cdc-b827eb637591,1557742912,0004A30B0023D03F,023D03F,TERA00079a,TERA00079b,TERA00079c,2.7931,2.8197,2.9245,2.1033,2.1694,2.2516
a633f188-6a42-11e9-a957-b827eb637591,1556517010,0004A30B0023D06A,023D06A,TERA00239b,TERA00239c,TERA00239d,2.8213,2.8057,2.9328,2.3274,2.2884,2.3351
51fdb718-76de-11e9-b359-b827eb637591,1557903284,0004A30B0023D09D,023D09D,TERA00190a,TERA00190b,TERA00190c,2.827,2.8265,2.911,2.0569,2.0552,2.1841
80c0d34c-c7be-11e9-a33b-b827eb637591,1566795663,0004A30B0023D0B9,023D0B9,TER19260092b,TER19260092c,TER19260053e,2.308,2.4071,2.4466,2.3072,2.4071,2.4474
36750dd6-76d2-11e9-8fd7-b827eb637591,1557898084,0004A30B0023D0D3,023D0D3,TERA00042a,TERA00042b,TERA00042c,2.8081,2.8203,2.9073,2.2338,2.2416,2.2336
3d00bfe6-65a8-11e9-b639-b827eb637591,1556010886,0004A30B0023D194,023D194,TERA00086c,TERA00086d,TERA00086e,2.8237,2.8342,2.9374,2.1653,2.2664,2.2962
895c0f6e-7541-11e9-acf5-b827eb637591,1557725995,0004A30B0023D1FD,023D1FD,TERA00314b,TERA00314c,TERA00314d,2.8262,2.8347,2.933,2.2906,2.3365,2.283
f0b6eae2-753e-11e9-a818-b827eb637591,1557724880,0004A30B0023D238,023D238,TERA00179e,TERA00231a,TERA00231b,2.8173,2.8315,2.8925,2.2701,2.2618,2.1001
a4c7cfb4-753b-11e9-93c2-b827eb637591,1557723464,0004A30B0023D264,023D264,TERA00235d,TERA00233d,TERA00233e,2.8025,2.8396,2.8974,2.2051,2.233,2.0649
0e630704-7541-11e9-81e5-b827eb637591,1557725789,0004A30B0023D2A2,023D2A2,TERA00240e,TERA00189d,TERA00189e,2.8487,2.8482,2.9134,2.2274,2.1984,2.3886
ce9df2fa-755e-11e9-98bd-b827eb637591,1557738567,0004A30B0023D42D,023D42D,TERA00067c,TERA00067d,TERA00067e,2.78,2.7813,2.8678,2.0944,2.1675,2.2094
5c2c2b7c-65a7-11e9-9920-b827eb637591,1556010509,0004A30B0023D523,023D523,TERA000140e,TERA00086a,TERA00086b,2.817,2.8347,2.8952,2.3026,2.2561,2.2328
7cb598e2-65a2-11e9-bf62-b827eb637591,1556008416,0004A30B0023D5D8,023D5D8,TERA00056c,TERA00056d,TERA00056e,2.8165,2.8232,2.8898,2.3792,2.366,2.2177
e96d384a-bf30-11e9-b05b-b827eb637591,1565855241,0004A30B0023D630,023D630,TER19260027d,TER19260017a,TER19260017b,2.8557,2.8184,2.8925,2.2301,2.2911,2.4197
4edf14f6-76d3-11e9-a9d4-b827eb637591,1557898554,0004A30B0023D6AC,023D6AC,TERA00199a,TERA00199b,TERA00199c,2.7985,2.8036,2.91,2.0272,2.2223,2.172
b138974c-6a41-11e9-b428-b827eb637591,1556516599,0004A30B0023D6CC,023D6CC,TERA00247c,TERA00247d,TERA00247e,2.8371,2.8106,2.9175,2.3217,2.3007,2.2193
2761e4be-bf29-11e9-9c3b-b827eb637591,1565851909,0004A30B0023D6DF,023D6DF,TER19260114d,TER19260102e,TER19260125e,2.8508,2.8506,2.8245,2.3985,2.3418,2.312
415976c2-7562-11e9-976a-b827eb637591,1557740048,0004A30B0023D6F2,023D6F2,TERA00206e,TERA00204d,TERA00204e,2.8313,2.8283,2.9001,2.298,2.1092,2.2403
52692b64-65a5-11e9-822e-b827eb637591,1556009634,0004A30B0023D95E,023D95E,TERA00059a,TERA00059b,TERA00059c,2.8431,2.8334,2.8947,2.3284,2.3185,2.2
87c89ea0-7556-11e9-87d0-b827eb637591,1557735012,0004A30B0023D9B8,023D9B8,TERA00077e,TERA00078d,TERA00078e,2.8315,2.8073,2.8509,2.1149,2.0155,2.1497
65627360-752c-11e9-83de-b827eb637591,1557716915,0004A30B0023D9CF,023D9CF,TERA00205e,TERA00201a,TERA00201b,2.8388,2.8122,2.9092,2.2664,2.3005,2.1976
65d04330-76d1-11e9-b513-b827eb637591,1557897734,0004A30B0023DA0B,023DA0B,TERA00233a,TERA00233b,TERA00233c,2.8146,2.8017,2.8971,2.3249,2.2016,2.1995
277dd0ba-65a7-11e9-9a33-b827eb637591,1556010421,0004A30B0023DA38,023DA38,TERA00045d,TERA00045e,TERA00048a,2.8152,2.842,2.9054,2.3045,2.3021,2.2048
573a1c98-bf28-11e9-b549-b827eb637591,1565851559,0004A30B0023DAA3,023DAA3,TER19260123d,TER19260085e,TER19260123e,2.6574,2.8342,2.7896,2.2062,2.0982,2.2403
5893d374-755c-11e9-9cbf-b827eb637591,1557737510,0004A30B0023DBB0,023DBB0,TERA00046d,TERA00190d,TERA00190e,2.8291,2.8423,2.86,2.1581,2.1508,2.0496
718e75cc-7549-11e9-817b-b827eb637591,1557729391,0004A30B0023DBBD,023DBBD,TERA00183d,TERA00230d,TERA00216d,2.8162,2.8237,2.9068,2.2266,2.2193,2.2639
98fda8cc-7561-11e9-9b05-b827eb637591,1557739765,0004A30B0023DC31,023DC31,TERA000145b,TERA000145d,TERA000145c,2.8374,2.8103,2.9309,2.2172,2.2043,2.0262
f1634288-bf49-11e9-92a7-b827eb637591,1565865991,0004A30B0023EE4A,023EE4A,TER19260062b,TER19260062c,TER19260062d,2.7862,2.8125,2.8756,2.3679,2.3805,2.445
a6e143a4-76dd-11e9-8f10-b827eb637591,1557902997,0004A30B0023EE50,023EE50,TERA00228e,TERA00232d,TERA00232e,2.8116,2.8218,2.7818,2.1791,2.236,2.1001
26db6c52-752a-11e9-bdfa-b827eb637591,1557715951,0004A30B0023EECD,023EECD,TERA00160c,TERA00160d,TERA00160e,2.8321,2.813,2.8931,2.2011,2.2548,2.413
fc900070-65a7-11e9-a7e5-b827eb637591,1556010778,0004A30B0023EECF,023EECF,TERA000137c,TERA000137d,TERA000137e,2.8364,2.831,2.9105,2.2634,2.2777,2.128
c0afa5b6-755a-11e9-a419-b827eb637591,1557736825,0004A30B0023EED5,023EED5,TERA00183a,TERA00183b,TERA00183c,2.8366,2.8355,2.9205,2.2271,2.0815,2.024
ffd189d0-65a1-11e9-8b30-b827eb637591,1556008207,0004A30B0023EF1C,023EF1C,TERA00045a,TERA00045b,TERA00045c,2.8374,2.8297,2.8922,2.3826,2.3281,2.204
5d2a5098-76dd-11e9-ae9c-b827eb637591,1557902873,0004A30B0023F05D,023F05D,TERA00218e,TERA00227d,TERA00227e,2.8536,2.8372,2.8842,2.1396,2.1946,2.2196
99157a16-bf48-11e9-97f0-b827eb637591,1565865414,0004A30B0023F0EA,023F0EA,TER19260063a,TER19260063b,TER19260063c,2.7867,2.7738,2.7711,2.385,2.2983,2.2793
879996d8-76d6-11e9-9d0e-b827eb637591,1557899938,0004A30B0023F117,023F117,TERA00316b,TERA00316a,TERA00316c,2.8256,2.8329,2.9097,2.2857,2.233,2.2519
6d88cb2c-754d-11e9-81a5-b827eb637591,1557731102,0004A30B0023F288,023F288,TERA00206a,TERA00206b,TERA00206c,2.8012,2.842,2.9285,2.0337,2.1307,2.222
e5ecf3ec-bfe2-11e9-b08b-b827eb637591,1565931685,0004A30B0023F353,023F353,TER19260042c,TER19260042d,TER19260042e,2.8581,2.835,2.8654,2.2483,2.294,2.1409
1d82dbb6-7554-11e9-88fc-b827eb637591,1557733974,0004A30B0023F3FC,023F3FC,TERA00219a,TERA00219b,TERA00219c,2.8372,2.8264,2.9248,2.1401,2.1818,2.2032
82db543c-bf1b-11e9-b79c-b827eb637591,1565846049,0004A30B0023F431,023F431,TER19260004a,TER19260004b,TER19260004d,2.7888,2.8103,2.8936,2.2511,2.2583,2.3738
66e00860-7545-11e9-8bed-b827eb637591,1557727655,0004A30B0023F4A4,023F4A4,TERA00310e,TERA00188a,TERA00188b,2.8291,2.8492,2.881,2.1826,2.2497,2.1581
1f26d25e-6a43-11e9-8df5-b827eb637591,1556517213,0004A30B0023F4DB,023F4DB,TERA00250a,TERA00250b,TERA00250c,2.8418,2.8178,2.8697,2.1831,2.2481,2.254
eae0914a-7520-11e9-9c51-b827eb637591,1557711985,0004A30B0023F595,023F595,TERA00320b,TERA00320c,TERA00320d,2.8245,2.8127,2.8869,2.2067,2.2642,2.2438
260ed02c-65a6-11e9-bd06-b827eb637591,1556009989,0004A30B0023F758,023F758,TERA00071b,TERA00071c,TERA00071d,2.8463,2.8197,2.8315,2.3617,2.3442,2.2097
4e247ef8-76d7-11e9-b573-b827eb637591,1557900271,0004A30B0023F7B7,023F7B7,TERA00320e,TERA00318a,TERA00318b,2.7794,2.7509,2.9051,2.1573,2.2347,2.1089
c0e2d92c-bfc4-11e9-b1d8-b827eb637591,1565918738,0004A30B0023F7BD,023F7BD,TER19260064a,TER19260064b,TER19260045e,2.8237,2.8374,2.8947,2.2454,2.2411,2.3526
a0de5f8a-7540-11e9-adf0-b827eb637591,1557725605,0004A30B0023F845,023F845,TERA00191a,TERA00191b,TERA00191c,2.8471,2.8237,2.9277,2.2682,2.2511,2.156
a398bf4e-751e-11e9-9048-b827eb637591,1557711007,0004A30B0023F94C,023F94C,TERA00198e,TERA00237d,TERA00237e,2.8175,2.8205,2.8944,2.3185,2.3424,2.2752
9132f524-7544-11e9-b4c0-b827eb637591,1557727297,0004A30B0023F9A7,023F9A7,TERA00182b,TERA00182a,TERA00182c,2.8379,2.8425,2.925,2.1172,2.2312,2.2883
b90a4a3e-76d4-11e9-8f3c-b827eb637591,1557899162,0004A30B0023F9A8,023F9A8,TERA00208a,TERA00208b,TERA00208c,2.8165,2.8211,2.8927,2.3109,2.1766,2.2253
5f974a86-755a-11e9-b90e-b827eb637591,1557736662,0004A30B0023F9E7,023F9E7,TERA00169b,TERA00169c,TERA00169d,2.8506,2.8465,2.9156,2.1871,2.193,2.0264
c6bca6d6-753f-11e9-8aad-b827eb637591,1557725239,0004A30B00240BE5,0240BE5,TERA00170d,TERA00170e,TERA00169a,2.8031,2.8022,2.9417,2.1858,2.2048,2.1239
2838a7b8-bf21-11e9-beaf-b827eb637591,1565848474,0004A30B00240BED,0240BED,TER19260108b,TER19260108d,TER19260108e,2.7539,2.8108,2.849,2.3254,2.2886,2.2317
1caf5522-76d8-11e9-a6e4-b827eb637591,1557900618,0004A30B00240C62,0240C62,TERA00318c,TERA00318d,TERA00318e,2.8057,2.824,2.8823,2.0737,2.1884,2.2046
d6e97abc-7548-11e9-914c-b827eb637591,1557729132,0004A30B00240D1F,0240D1F,TERA00182d,TERA00182e,TERA00179a,2.8138,2.834,2.9237,2.2746,2.3007,1.9523
6b892cea-76d8-11e9-a384-b827eb637591,1557900750,0004A30B00240D25,0240D25,TERA00198d,TERA000132d,TERA000132e,2.8218,2.831,2.9349,2.1782,2.1807,2.2717
a86c11d6-753e-11e9-b286-b827eb637591,1557724759,0004A30B00240E2B,0240E2B,TERA00226a,TERA00226b,TERA00226c,2.8068,2.8402,2.8817,2.2156,2.2411,2.0952
761a8dd8-65a4-11e9-b9fb-b827eb637591,1556009264,0004A30B00240FA0,0240FA0,TERA000146a,TERA000146b,TERA000146c,2.8237,2.8068,2.9148,2.1602,2.2862,2.3555
a7dd7ee8-756c-11e9-8ba5-b827eb637591,1557744514,0004A30B00241017,0241017,TERA00206d,TERA00202d,TERA00202e,2.8106,2.7944,2.9124,2.265,2.2048,2.3736
c4934caa-c000-11e9-8e70-b827eb637591,1565944514,0004A30B0024103F,024103F,TER19260054d,TER19260054e,TER19260014b,2.1001,2.3128,2.2629,2.0993,2.312,2.2621
4385e4ce-6a42-11e9-a501-b827eb637591,1556516844,0004A30B00241049,0241049,TERA00239e,TERA00247a,TERA00247b,2.8353,2.8181,2.9024,2.2988,2.2994,2.4289
4ff359a6-7561-11e9-9179-b827eb637591,1557739643,0004A30B00241063,0241063,TERA00089a,TERA00081d,TERA00081e,2.8514,2.8299,2.7338,2.0968,2.1221,1.9692
1734be2a-756b-11e9-ac02-b827eb637591,1557743842,0004A30B0024108E,024108E,TERA00095c,TERA00051c,TERA00095d,2.8361,2.8565,2.9363,2.1847,2.2927,2.059
c831285e-76d7-11e9-bd90-b827eb637591,1557900476,0004A30B002410CD,02410CD,TERA00205b,TERA00205c,TERA00205d,2.8393,2.8399,2.845,2.2379,2.3072,2.1694
ce4568e8-753a-11e9-a4cb-b827eb637591,1557723104,0004A30B0024110F,024110F,TERA00214a,TERA00214b,TERA00214c,2.8267,2.8439,2.9449,2.127,2.2693,2.3188
f79cab0c-65a4-11e9-9782-b827eb637591,1556009481,0004A30B00241142,0241142,TERA00096d,TERA00096e,TERA000121a,2.8326,2.8133,2.918,2.3174,2.2124,2.3415
0f3ff678-76d1-11e9-9332-b827eb637591,1557897589,0004A30B0024115E,024115E,TERA000134a,TERA000134b,TERA000134c,2.8307,2.824,2.8971,2.2535,2.2201,2.1989
337f1d48-6a3d-11e9-a3e1-b827eb637591,1556514670,0004A30B002411A8,02411A8,TERA00195b,TERA00195c,TERA00195d,2.8146,2.8415,2.8555,2.4232,2.4136,2.1479
79a9d6f6-7568-11e9-b2ab-b827eb637591,1557742719,0004A30B0024133F,024133F,TERA00230a,TERA00230b,TERA00230c,2.8307,2.8001,2.7952,2.2639,2.1911,2.2231
784b08be-76d2-11e9-8191-b827eb637591,1557898194,0004A30B00241354,0241354,TERA00227a,TERA00227b,TERA00227c,2.7947,2.7354,2.8581,2.2247,2.071,2.2986
3503153c-bf26-11e9-934a-b827eb637591,1565850643,0004A30B00241415,0241415,TER19260096a,TER19260122e,TER19260096e,2.8135,2.795,2.7942,2.3211,2.2352,2.3357
27bc11a4-7538-11e9-910a-b827eb637591,1557721966,0004A30B0024141B,024141B,TERA00208e,TERA00046b,TERA00046a,2.831,2.841,2.9129,2.3034,2.2854,1.8054
6700b5ac-76d4-11e9-b6c0-b827eb637591,1557899024,0004A30B002414A4,02414A4,TERA00322c,TERA00322d,TERA00322e,2.86,2.8592,2.8431,2.2527,2.2454,2.1084
29d0c158-c25c-11e9-a942-b827eb637591,1566203671,0004A30B0024152A,024152A,TER19260045a,TER19260041d,TER19260041e,2.424,2.4095,2.3456,2.4216,2.3843,2.3346
3eb271d6-7557-11e9-8b55-b827eb637591,1557735319,0004A30B0024156E,024156E,TERA00187a,TERA00187b,TERA00187c,2.8095,2.814,2.9183,2.1809,2.1371,2.2094
8d2b1dd8-bf4c-11e9-a35d-b827eb637591,1565867112,0004A30B0024255D,024255D,TER19260011a,TER19260011b,TER19260011d,2.7958,2.8549,2.8911,2.2172,2.232,2.3558
0846e3ac-754d-11e9-af79-b827eb637591,1557730932,0004A30B002425FF,02425FF,TERA00314e,TERA00313a,TERA00313b,2.8573,2.8396,2.922,2.1283,2.1379,2.2577
3332198e-7524-11e9-836d-b827eb637591,1557713395,0004A30B002426D7,02426D7,TERA00249d,TERA00249e,TERA00248a,2.8329,2.8184,2.8847,2.2768,2.2218,2.3633
e5aec1a0-7544-11e9-9c1f-b827eb637591,1557727438,0004A30B00242742,0242742,TERA00189a,TERA00189b,TERA00189c,2.8125,2.8366,2.8944,2.2185,2.1952,2.081
3d17e60a-bfd3-11e9-a543-b827eb637591,1565924960,0004A30B0024274E,024274E,TER19260065c,TER19260065d,TER19260065e,2.8205,2.8302,2.8613,2.3827,2.3378,2.2846
8e73f2de-755d-11e9-92e9-b827eb637591,1557738029,0004A30B00242757,0242757,TERA00081a,TERA00081b,TERA00081c,2.8253,2.853,2.9105,2.2548,2.2277,1.9752
ca84c272-bf26-11e9-b1bc-b827eb637591,1565850894,0004A30B0024276C,024276C,TER19260116a,TER19260098e,TER19260004e,2.8114,2.8044,2.8283,2.373,2.3268,2.2037
82759d86-76dc-11e9-8f7e-b827eb637591,1557902507,0004A30B0024297C,024297C,TERA00087a,TERA00087b,TERA00087c,2.7891,2.81,2.9145,1.7426,2.0587,2.1578
60b02980-754e-11e9-ad4b-b827eb637591,1557731510,0004A30B00242B15,0242B15,TERA00171a,TERA00171b,TERA00171d,2.8221,2.8385,2.8979,2.2024,2.1826,2.1084
119c0ae2-7523-11e9-94ec-b827eb637591,1557712909,0004A30B00242B4B,0242B4B,TERA00222a,TERA00222b,TERA00222c,2.8544,2.831,2.9116,2.2725,2.2392,2.3314
8cb9de56-c240-11e9-8ef8-b827eb637591,1566191811,0004A30B00242B52,0242B52,TER19260113a,TER19260113b,TER19260113c,2.8412,2.8275,2.7684,2.211,2.2475,2.1049
3819f080-76d6-11e9-a32d-b827eb637591,1557899805,0004A30B00242B84,0242B84,TERA00312a,TERA00312b,TERA00312c,2.8103,2.8073,2.9422,2.1933,2.2035,2.103
92a5ceac-755f-11e9-8eff-b827eb637591,1557738895,0004A30B002435F6,02435F6,TERA00210a,TERA00210b,TERA00210c,2.7886,2.8506,2.9465,2.1331,2.2456,2.0977
6a059f98-c7c3-11e9-a555-bbac7aa2a3e1,1566797772,0004A30B00243650,0243650,TER19260092b,TER19260092c,TER19260053e,2.2994,2.4141,2.4732,2.2972,2.4141,2.4302